termino,fs,polaridad
nad,weaksubj,NEG
socializ,weaksubj,NEG
abandon,strongsubj,NEG
aberr,strongsubj,NEG
abiert,weaksubj,POS
abland,strongsubj,NEG
abomin,strongsubj,NEG
aborrec,strongsubj,NEG
abrum,strongsubj,NEG
abrum,weaksubj,NEG
abrupt,weaksubj,NEG
absurd,strongsubj,NEG
abuche,strongsubj,NEG
aburr,strongsubj,NEG
abus,strongsubj,NEG
acat,strongsubj,POS
acces,strongsubj,POS
acept,weaksubj,POS
aclar,strongsubj,POS
acos,weaksubj,NEG
activ,weaksubj,POS
acus,strongsubj,NEG
adapt,weaksubj,POS
adecu,weaksubj,POS
adict,weaksubj,NEG
admir,strongsubj,POS
ador,strongsubj,POS
adul,strongsubj,POS
adversari,strongsubj,NEG
advertent,weaksubj,NEG
afect,strongsubj,POS
afin,weaksubj,POS
aflig,weaksubj,NEG
afortun,strongsubj,POS
agil,weaksubj,POS
agon,strongsubj,NEG
agot,strongsubj,NEG
agraci,strongsubj,POS
agrad,strongsubj,POS
agradec,strongsubj,POS
agresion,strongsubj,NEG
agres,strongsubj,NEG
agresor,strongsubj,NEG
agri,weaksubj,NEG
aguafiest,strongsubj,NEG
aleg,strongsubj,NEG
alegr,strongsubj,POS
alient,strongsubj,POS
alfabetiz,weaksubj,POS
alivi,strongsubj,POS
altruist,strongsubj,POS
amabil,strongsubj,POS
amabl,strongsubj,POS
amabl,weaksubj,POS
amad,strongsubj,POS
amarg,strongsubj,NEG
ambici,weaksubj,POS
ambigu,strongsubj,NEG
amen,strongsubj,POS
amenaz,weaksubj,NEG
amen,weaksubj,POS
amig,strongsubj,POS
amist,weaksubj,POS
amor,strongsubj,POS
andraj,strongsubj,NEG
angel,weaksubj,POS
angusti,strongsubj,NEG
anhel,strongsubj,POS
anim,strongsubj,POS
aniquil,strongsubj,NEG
ansi,strongsubj,POS
anticu,weaksubj,NEG
apasion,strongsubj,POS
apat,strongsubj,NEG
apen,strongsubj,NEG
aplast,weaksubj,NEG
aplaud,strongsubj,POS
aplaz,strongsubj,NEG
aport,strongsubj,POS
apreci,strongsubj,POS
aprend,strongsubj,POS
aprendizaj,weaksubj,POS
aprob,weaksubj,POS
apropi,weaksubj,POS
apto,weaksubj,POS
ardu,strongsubj,NEG
argument,weaksubj,NEG
arrebat,strongsubj,NEG
arregl,weaksubj,POS
arrepent,strongsubj,NEG
arrib,weaksubj,POS
arriesg,weaksubj,NEG
arrog,strongsubj,NEG
articul,strongsubj,POS
artificial,weaksubj,NEG
asalt,weaksubj,NEG
asco,strongsubj,NEG
asech,strongsubj,NEG
asegur,strongsubj,POS
asegur,weaksubj,NEG
asesor,strongsubj,POS
asist,strongsubj,POS
asombr,strongsubj,POS
aspir,strongsubj,POS
asquer,strongsubj,NEG
astut,strongsubj,POS
atent,strongsubj,POS
atorment,strongsubj,NEG
atorment,weaksubj,POS
atraccion,strongsubj,POS
atract,strongsubj,POS
atras,strongsubj,NEG
atrev,strongsubj,POS
atropell,strongsubj,NEG
atroz,strongsubj,NEG
aturd,weaksubj,NEG
audaz,strongsubj,POS
ausent,weaksubj,NEG
autodestruct,strongsubj,NEG
autonom,weaksubj,POS
autoritari,weaksubj,POS
autosuficient,weaksubj,POS
avanz,weaksubj,POS
avarici,strongsubj,NEG
avar,strongsubj,NEG
aventurer,strongsubj,POS
avergonz,strongsubj,NEG
ayud,strongsubj,POS
babos,weaksubj,NEG
baj,weaksubj,NEG
banal,strongsubj,NEG
barbar,strongsubj,NEG
bastard,strongsubj,NEG
basur,strongsubj,NEG
bell,strongsubj,POS
benefici,weaksubj,POS
benevolent,strongsubj,POS
benevol,strongsubj,POS
benign,weaksubj,POS
berrinch,strongsubj,NEG
besti,strongsubj,NEG
bien,weaksubj,POS
bienest,strongsubj,POS
bipol,strongsubj,NEG
blasfemi,strongsubj,NEG
bob,strongsubj,NEG
boicot,weaksubj,NEG
bond,strongsubj,POS
bondad,strongsubj,POS
bonit,strongsubj,POS
borrach,strongsubj,NEG
bostez,strongsubj,NEG
bribon,strongsubj,NEG
brillant,strongsubj,POS
brind,strongsubj,POS
brom,strongsubj,NEG
brusc,weaksubj,NEG
brutal,strongsubj,NEG
brut,strongsubj,NEG
buen,weaksubj,POS
buen,strongsubj,POS
burl,strongsubj,NEG
caballer,strongsubj,POS
calam,strongsubj,NEG
calid,strongsubj,POS
calific,weaksubj,POS
calm,weaksubj,POS
calumni,strongsubj,NEG
camar,strongsubj,POS
campeon,weaksubj,POS
canall,strongsubj,NEG
cans,strongsubj,NEG
caos,strongsubj,NEG
caotic,strongsubj,NEG
capac,weaksubj,POS
capaz,weaksubj,POS
caprich,strongsubj,NEG
carent,strongsubj,NEG
carg,strongsubj,NEG
cari�,strongsubj,POS
carism,strongsubj,NEG
castig,strongsubj,NEG
catastrof,strongsubj,NEG
cautel,strongsubj,NEG
cautiv,strongsubj,POS
ced,strongsubj,POS
censur,strongsubj,NEG
centr,strongsubj,POS
chantaj,weaksubj,NEG
chifl,strongsubj,NEG
chismos,strongsubj,NEG
chocant,strongsubj,NEG
cinic,strongsubj,NEG
clar,strongsubj,POS
clarid,weaksubj,POS
clar,weaksubj,POS
cobard,strongsubj,NEG
coherent,weaksubj,POS
cohes,weaksubj,POS
comic,weaksubj,NEG
comod,weaksubj,POS
compadec,strongsubj,NEG
compasion,strongsubj,POS
compens,weaksubj,POS
competent,strongsubj,POS
competit,weaksubj,POS
complac,strongsubj,NEG
complacient,strongsubj,NEG
complej,strongsubj,NEG
complement,weaksubj,POS
complic,weaksubj,NEG
comprend,strongsubj,POS
comprens,strongsubj,POS
compromis,weaksubj,POS
compulsion,strongsubj,NEG
compuls,strongsubj,NEG
concili,strongsubj,POS
concili,weaksubj,POS
concis,strongsubj,POS
conden,strongsubj,NEG
conferent,weaksubj,NEG
confes,strongsubj,NEG
confesion,strongsubj,NEG
confiabil,strongsubj,POS
confiabl,weaksubj,POS
confianz,strongsubj,POS
confi,weaksubj,POS
confident,strongsubj,POS
configur,strongsubj,NEG
conflict,weaksubj,NEG
confront,strongsubj,NEG
confront,weaksubj,NEG
confund,strongsubj,NEG
confund,weaksubj,NEG
confusion,strongsubj,NEG
confus,strongsubj,NEG
congel,weaksubj,NEG
mism,weaksubj,NEG
conmocion,strongsubj,NEG
conmovedor,strongsubj,POS
conoc,strongsubj,POS
conquist,weaksubj,POS
conscient,strongsubj,POS
consent,strongsubj,POS
consider,strongsubj,POS
consistent,weaksubj,POS
consol,weaksubj,POS
conspir,weaksubj,NEG
constant,strongsubj,POS
constern,strongsubj,NEG
construct,weaksubj,POS
consuel,strongsubj,POS
consum,strongsubj,POS
consum,weaksubj,NEG
contagi,weaksubj,NEG
contamin,strongsubj,NEG
contamin,weaksubj,NEG
cont,strongsubj,POS
contencion,strongsubj,NEG
contenci,strongsubj,NEG
contend,strongsubj,NEG
conten,weaksubj,POS
content,strongsubj,POS
continu,weaksubj,POS
contorsion,strongsubj,NEG
contr,weaksubj,NEG
contradec,strongsubj,NEG
contradiccion,strongsubj,NEG
contradich,strongsubj,NEG
contradictori,strongsubj,NEG
contraproducent,strongsubj,NEG
contrari,strongsubj,NEG
contribucion,weaksubj,POS
control,weaksubj,POS
controversi,weaksubj,NEG
contusion,weaksubj,NEG
convenc,weaksubj,POS
convenient,weaksubj,NEG
convenient,weaksubj,POS
convenir ,strongsubj,POS
conviccion,weaksubj,POS
convincent,strongsubj,POS
convulsion,strongsubj,NEG
cooper,weaksubj,POS
copi,strongsubj,NEG
coquet,strongsubj,NEG
cordial,weaksubj,POS
cordur,strongsubj,POS
correct,weaksubj,POS
correg,strongsubj,POS
corrig,strongsubj,POS
corr,weaksubj,NEG
corromp,strongsubj,NEG
corrupcion,strongsubj,NEG
corrupt,strongsubj,NEG
cort,weaksubj,NEG
cortej,strongsubj,POS
cortes,strongsubj,POS
cortes,weaksubj,POS
cosquille,strongsubj,NEG
costos,weaksubj,NEG
cotidian,strongsubj,NEG
creativ,strongsubj,POS
crecient,strongsubj,POS
credul,strongsubj,NEG
creenci,strongsubj,POS
creibl,strongsubj,POS
creyent,strongsubj,POS
crianz,strongsubj,POS
crisis,weaksubj,NEG
critic,strongsubj,NEG
deb,strongsubj,NEG
cronic,weaksubj,NEG
cruel,strongsubj,NEG
cuestion,strongsubj,NEG
cuid,weaksubj,POS
cuidad,weaksubj,POS
culp,strongsubj,NEG
culpabl,strongsubj,NEG
cumpl,weaksubj,POS
cumpl,strongsubj,POS
curi,strongsubj,POS
curios,strongsubj,POS
cursi,strongsubj,NEG
da�,weaksubj,NEG
deberi,strongsubj,NEG
debil,weaksubj,NEG
debil,strongsubj,NEG
debilit,weaksubj,NEG
decaid,strongsubj,NEG
decenci,weaksubj,POS
decent,weaksubj,POS
decepcion,strongsubj,NEG
decision,weaksubj,POS
decis,weaksubj,POS
declam,strongsubj,NEG
declin,weaksubj,NEG
decrec,weaksubj,NEG
decrecient,weaksubj,NEG
decrement,weaksubj,NEG
decrepit,strongsubj,NEG
decrepitud,strongsubj,NEG
dedic,strongsubj,POS
defect,strongsubj,NEG
defectu,strongsubj,NEG
defend,strongsubj,POS
defens,strongsubj,POS
defens,strongsubj,NEG
defensor,strongsubj,POS
deficient,weaksubj,NEG
defin,weaksubj,POS
definit,weaksubj,POS
deform,weaksubj,NEG
defraud,strongsubj,NEG
degener,strongsubj,NEG
degrad,strongsubj,NEG
dej,strongsubj,NEG
dej,weaksubj,NEG
delect,strongsubj,NEG
deleit,weaksubj,POS
deleit,strongsubj,POS
delic,weaksubj,POS
delincuent,weaksubj,NEG
delir,strongsubj,NEG
deliri,strongsubj,POS
delit,weaksubj,NEG
demacr,strongsubj,NEG
dement,strongsubj,NEG
demoniac,strongsubj,NEG
demoniz,strongsubj,NEG
demuestr,strongsubj,POS
denigr,strongsubj,NEG
deplor,strongsubj,NEG
deprav,strongsubj,NEG
depred,weaksubj,NEG
depresion,weaksubj,NEG
depriment,strongsubj,NEG
deprim,strongsubj,NEG
derech,weaksubj,POS
derrib,weaksubj,NEG
desacredit,strongsubj,NEG
desacuerd,strongsubj,NEG
desafect,strongsubj,NEG
desafi,strongsubj,NEG
desafortun,strongsubj,NEG
desagrad,strongsubj,NEG
desagradec,strongsubj,NEG
desagr,strongsubj,NEG
desahog,strongsubj,POS
desair,strongsubj,NEG
desalent,strongsubj,NEG
desalient,strongsubj,NEG
desalm,strongsubj,NEG
desampar,strongsubj,NEG
desanim,strongsubj,NEG
desaparec,weaksubj,NEG
desaprens,strongsubj,NEG
desaprob,strongsubj,NEG
desarm,weaksubj,NEG
desarraig,weaksubj,NEG
desarroll,strongsubj,POS
desasosieg,strongsubj,NEG
desastr,strongsubj,NEG
desatin,strongsubj,NEG
desautoriz,strongsubj,NEG
descabell,strongsubj,NEG
descans,weaksubj,NEG
descar,strongsubj,POS
descar,strongsubj,NEG
descompon,weaksubj,NEG
descompostur,weaksubj,NEG
desconcert,strongsubj,NEG
desconcert,weaksubj,NEG
desconciert,strongsubj,NEG
desconfi,strongsubj,NEG
desconoc,strongsubj,NEG
desconoc,weaksubj,NEG
desconsider,strongsubj,NEG
desconsol,strongsubj,NEG
desconsuel,strongsubj,NEG
descontent,strongsubj,NEG
descorazon,strongsubj,NEG
descortes,strongsubj,NEG
descr,strongsubj,NEG
descuid,strongsubj,NEG
descu,strongsubj,NEG
desde�,strongsubj,NEG
deseabl,strongsubj,POS
des,strongsubj,POS
desec,strongsubj,NEG
desempen,strongsubj,POS
desempe�,strongsubj,POS
desenfoqu,weaksubj,NEG
desenmara�,strongsubj,NEG
desense�,strongsubj,NEG
desentra�,weaksubj,NEG
dese,strongsubj,POS
desercion,strongsubj,NEG
deservici,strongsubj,NEG
desesper,strongsubj,NEG
desestabiliz,strongsubj,NEG
desfachatez,strongsubj,NEG
desfallec,strongsubj,NEG
desfavor,strongsubj,NEG
desfavorec,strongsubj,NEG
desgast,weaksubj,NEG
desgraci,strongsubj,NEG
deshac,weaksubj,NEG
deshech,weaksubj,NEG
deshiz,weaksubj,NEG
deshonest,strongsubj,NEG
deshonr,strongsubj,NEG
deshumaniz,strongsubj,NEG
desigual,strongsubj,NEG
desiguald,strongsubj,NEG
desilusion,strongsubj,NEG
desinform,strongsubj,NEG
desintegr,weaksubj,NEG
desinteres,strongsubj,NEG
desinteres,weaksubj,NEG
desleal,strongsubj,NEG
deslealt,strongsubj,NEG
deslumbr,strongsubj,POS
desliz,strongsubj,NEG
desluc,strongsubj,NEG
deslumbr,strongsubj,NEG
deslumbrador,strongsubj,NEG
desmay,weaksubj,NEG
desment,strongsubj,NEG
desmitific,strongsubj,POS
desmoraliz,strongsubj,NEG
desmoron,weaksubj,NEG
desmot,strongsubj,NEG
desobedec,strongsubj,NEG
desobedient,strongsubj,NEG
desol,strongsubj,NEG
desord,strongsubj,NEG
desorden,strongsubj,NEG
desorden,weaksubj,NEG
desorganiz,strongsubj,NEG
desorient,strongsubj,NEG
despaci,weaksubj,NEG
despech,strongsubj,NEG
despect,strongsubj,NEG
despefect,weaksubj,NEG
desperdici,weaksubj,NEG
desperfect,weaksubj,NEG
despert,strongsubj,POS
despiad,strongsubj,NEG
despilfarr,strongsubj,NEG
despilfarr,weaksubj,NEG
desplaz,weaksubj,NEG
despoj,strongsubj,NEG
despot,strongsubj,NEG
despotric,strongsubj,NEG
despreci,strongsubj,NEG
despreocup,strongsubj,NEG
despreocup,strongsubj,POS
despreven,weaksubj,NEG
desproporcion,weaksubj,NEG
desprov,strongsubj,NEG
destac,strongsubj,NEG
destac,weaksubj,POS
destartal,strongsubj,NEG
destell,weaksubj,POS
desterr,strongsubj,NEG
destierr,strongsubj,NEG
destin,weaksubj,POS
destin,strongsubj,POS
destrez,weaksubj,POS
destrip,strongsubj,NEG
destruccion,weaksubj,NEG
destruct,strongsubj,NEG
destructor,strongsubj,NEG
destru,weaksubj,NEG
desunion,strongsubj,NEG
desval,strongsubj,NEG
desval,strongsubj,POS
desvanec,weaksubj,NEG
desvari,strongsubj,NEG
desventaj,strongsubj,NEG
desvergonz,strongsubj,NEG
desverg�enz,strongsubj,NEG
desviacion,strongsubj,NEG
desviacion,weaksubj,NEG
desv,strongsubj,NEG
desvi,weaksubj,NEG
deterior,weaksubj,NEG
determinacion,strongsubj,POS
determin,strongsubj,POS
detest,strongsubj,NEG
detraccion,weaksubj,NEG
detr,weaksubj,NEG
detriment,strongsubj,NEG
devast,weaksubj,NEG
devast,strongsubj,NEG
devocion,strongsubj,POS
diabl,strongsubj,NEG
diablur,strongsubj,NEG
diabol,strongsubj,NEG
diametral,strongsubj,NEG
diatrib,strongsubj,NEG
dich,strongsubj,POS
dichos,strongsubj,POS
dictador,weaksubj,NEG
dictatorial,weaksubj,NEG
didact,strongsubj,POS
diestr,strongsubj,POS
difam,strongsubj,NEG
difamatori,strongsubj,NEG
dif�cil,strongsubj,NEG
diferent,strongsubj,NEG
difer,weaksubj,NEG
dificil,strongsubj,NEG
dificult,strongsubj,NEG
difunt,strongsubj,NEG
dignid,strongsubj,POS
dignific,weaksubj,POS
dign,strongsubj,POS
dilacion,strongsubj,NEG
dilem,weaksubj,NEG
diligent,weaksubj,POS
diluvi,weaksubj,NEG
diminut,weaksubj,NEG
dinam,weaksubj,POS
dinam,strongsubj,POS
diplomat,weaksubj,POS
discapacit,weaksubj,NEG
disciplin,strongsubj,POS
discord,strongsubj,NEG
discordi,strongsubj,NEG
discrecion,weaksubj,POS
discrep,weaksubj,NEG
discrep,strongsubj,NEG
discret,strongsubj,POS
discret,weaksubj,POS
discrimin,weaksubj,NEG
discrimin,weaksubj,POS
discriminatori,strongsubj,NEG
discut,weaksubj,NEG
discutidor,strongsubj,NEG
discut,strongsubj,NEG
disension,strongsubj,NEG
disfrut,weaksubj,POS
disfrut,strongsubj,POS
disgust,strongsubj,NEG
disgust,weaksubj,NEG
disident,strongsubj,NEG
disimul,strongsubj,NEG
disloc,weaksubj,NEG
disminu,weaksubj,NEG
disparat,strongsubj,NEG
dispens,weaksubj,NEG
displicent,strongsubj,NEG
disponbil,strongsubj,POS
disposicion,strongsubj,POS
dispuest,strongsubj,POS
disput,strongsubj,NEG
disrupt,strongsubj,NEG
distanci,strongsubj,NEG
distincion,weaksubj,POS
distingu,strongsubj,POS
distingu,weaksubj,POS
distint,weaksubj,POS
distorsion,strongsubj,NEG
distraccion,strongsubj,NEG
distr,weaksubj,NEG
distr,strongsubj,NEG
distraid,strongsubj,NEG
disturbi,strongsubj,NEG
disuad,strongsubj,NEG
disuad,weaksubj,NEG
disuas,strongsubj,NEG
disuas,weaksubj,NEG
disvalor,strongsubj,NEG
divag,strongsubj,NEG
divergent,weaksubj,NEG
diversific,weaksubj,POS
diversion,strongsubj,NEG
diversion,strongsubj,POS
divert,strongsubj,POS
divid,weaksubj,NEG
divin,strongsubj,POS
divis,strongsubj,NEG
division,weaksubj,NEG
division,strongsubj,NEG
divorci,weaksubj,NEG
dobl,weaksubj,NEG
docil,strongsubj,POS
dol,strongsubj,NEG
dolient,strongsubj,NEG
dolor,strongsubj,NEG
domin,strongsubj,POS
domin,strongsubj,NEG
domin,weaksubj,NEG
domini,weaksubj,POS
dram,strongsubj,NEG
drastic,strongsubj,NEG
drog,weaksubj,NEG
dud,strongsubj,NEG
duel,strongsubj,NEG
dulc,weaksubj,POS
dulcement,weaksubj,POS
dulzur,weaksubj,POS
durabil,weaksubj,POS
durabl,weaksubj,POS
durader,strongsubj,POS
educ,weaksubj,POS
educ,strongsubj,POS
efect,strongsubj,POS
eficaci,weaksubj,POS
eficaz,weaksubj,POS
eficient,weaksubj,POS
eficient,strongsubj,POS
efusion,strongsubj,POS
efus,strongsubj,POS
ego,strongsubj,NEG
egocentr,strongsubj,NEG
egoism,strongsubj,NEG
egoist,strongsubj,NEG
egolatr,strongsubj,NEG
egoman,strongsubj,NEG
egot,strongsubj,NEG
ejempl,strongsubj,POS
ejemplif,strongsubj,POS
ejemplific,strongsubj,POS
eleg,strongsubj,POS
eleg,weaksubj,POS
elev,strongsubj,POS
elev,weaksubj,POS
elimin,weaksubj,NEG
elimin,strongsubj,NEG
elit,weaksubj,POS
elit,strongsubj,NEG
elocuent,strongsubj,POS
elogi,strongsubj,POS
elud,strongsubj,NEG
emancip,weaksubj,POS
embaraz,strongsubj,NEG
embat,weaksubj,NEG
embeles,strongsubj,POS
embellec,strongsubj,POS
embest,strongsubj,NEG
embosc,weaksubj,NEG
embot,strongsubj,NEG
embroll,strongsubj,NEG
embroll,weaksubj,NEG
embrom,weaksubj,NEG
embrutecedor,strongsubj,NEG
embrutec,strongsubj,NEG
embuster,strongsubj,NEG
eminent,strongsubj,POS
emocion,strongsubj,POS
emocional,strongsubj,NEG
empalag,strongsubj,NEG
empa�,weaksubj,NEG
empat,strongsubj,NEG
empatiz,strongsubj,NEG
empe�,strongsubj,POS
empeor,strongsubj,NEG
empeque�ec,strongsubj,NEG
empin,weaksubj,NEG
empoder,weaksubj,POS
emprendedor,weaksubj,POS
en pedaz,strongsubj,NEG
enajen,weaksubj,NEG
enan,strongsubj,NEG
encant,strongsubj,POS
encantador,strongsubj,POS
encapot,strongsubj,NEG
encoj,strongsubj,NEG
encomi,strongsubj,POS
endos,strongsubj,POS
endulz,strongsubj,NEG
endulz,weaksubj,POS
enemig,strongsubj,NEG
enemig,weaksubj,NEG
enemist,strongsubj,NEG
energet,weaksubj,POS
energ,weaksubj,POS
energiz,weaksubj,POS
enerv,strongsubj,NEG
enfad,strongsubj,NEG
enfat,strongsubj,NEG
enferm,weaksubj,NEG
enfermed,weaksubj,NEG
enfermiz,strongsubj,NEG
enferm,strongsubj,NEG
enfriamient,weaksubj,POS
enfurec,strongsubj,NEG
enga�,strongsubj,NEG
engatus,strongsubj,NEG
engatus,strongsubj,POS
engreid,strongsubj,NEG
engreimient,strongsubj,NEG
enjuici,strongsubj,NEG
enloquecedor,strongsubj,NEG
enloquec,strongsubj,NEG
ennoblec,strongsubj,POS
enoj,strongsubj,NEG
enorm,strongsubj,NEG
enred,weaksubj,NEG
enred,strongsubj,NEG
enriquec,weaksubj,POS
ensalz,strongsubj,POS
ensay,weaksubj,NEG
ense�,strongsubj,POS
ensordecedor,strongsubj,NEG
ensuci,strongsubj,NEG
ensue�,strongsubj,POS
entend,strongsubj,POS
entiend,strongsubj,POS
entramp,strongsubj,NEG
entra�,strongsubj,POS
entreg,weaksubj,POS
entreten,weaksubj,POS
entreten,strongsubj,POS
entristec,strongsubj,NEG
entromet,strongsubj,NEG
entumec,weaksubj,NEG
entusiasm,strongsubj,POS
entusiast,strongsubj,POS
envalenton,weaksubj,POS
envidi,strongsubj,NEG
envidi,strongsubj,POS
equilibr,weaksubj,POS
equilibri,strongsubj,POS
equit,weaksubj,POS
equivoc,strongsubj,NEG
equivoc,weaksubj,NEG
erosion,weaksubj,NEG
erradic,weaksubj,NEG
errant,weaksubj,NEG
errar,strongsubj,NEG
errat,strongsubj,NEG
erron,strongsubj,NEG
errone,strongsubj,NEG
error,strongsubj,NEG
error,weaksubj,NEG
erudit,strongsubj,POS
erupcion,strongsubj,NEG
esbelt,weaksubj,POS
escalofri,strongsubj,NEG
escalofri,weaksubj,NEG
escalon,weaksubj,NEG
escam,weaksubj,NEG
escandaliz,strongsubj,NEG
escandal,strongsubj,NEG
escandal,weaksubj,NEG
escapatori,strongsubj,NEG
escap,weaksubj,NEG
escas,weaksubj,POS
escasez,weaksubj,NEG
escas,weaksubj,NEG
escen,weaksubj,POS
escept,strongsubj,NEG
esceptic,strongsubj,NEG
esclavitud,strongsubj,NEG
esclaviz,strongsubj,NEG
esclav,strongsubj,NEG
escond,strongsubj,NEG
escori,strongsubj,NEG
escozor,strongsubj,NEG
escrupul,strongsubj,POS
escuchimiz,strongsubj,NEG
escud,weaksubj,POS
esencial,weaksubj,POS
esforz,strongsubj,POS
esfuerz,weaksubj,POS
esfuerz,weaksubj,NEG
esmer,strongsubj,POS
esoter,weaksubj,NEG
espaci,weaksubj,POS
espald,weaksubj,POS
espaldaraz,strongsubj,POS
espant,strongsubj,NEG
especial,weaksubj,POS
especial,strongsubj,POS
espectacul,strongsubj,POS
espectacular,strongsubj,POS
espectacul,strongsubj,NEG
espej,strongsubj,NEG
espeluzn,strongsubj,POS
espi,strongsubj,NEG
espin,strongsubj,NEG
espiritu,weaksubj,POS
espiritual,strongsubj,POS
esplendid,strongsubj,POS
esplend,strongsubj,POS
esplendor,strongsubj,POS
espolon,strongsubj,POS
esporad,weaksubj,NEG
espum,weaksubj,POS
espuri,strongsubj,NEG
esquelet,strongsubj,NEG
esquem,weaksubj,NEG
esquiv,strongsubj,POS
estabil,weaksubj,POS
estabiliz,weaksubj,POS
establ,weaksubj,POS
establec,weaksubj,POS
estac,weaksubj,NEG
estac,strongsubj,NEG
estaf,strongsubj,NEG
estamp,weaksubj,NEG
estanc,weaksubj,NEG
estanc,strongsubj,NEG
estant,strongsubj,NEG
estar,weaksubj,POS
acech,strongsubj,NEG
estat,weaksubj,NEG
estatuari,strongsubj,POS
estel,strongsubj,POS
estereotip,strongsubj,NEG
esteril,strongsubj,NEG
estigm,strongsubj,NEG
estigmatiz,strongsubj,NEG
estim,strongsubj,POS
estimul,strongsubj,POS
estimul,weaksubj,POS
estof,strongsubj,NEG
estol,weaksubj,NEG
estrangul,weaksubj,NEG
estrech,weaksubj,NEG
estreg,strongsubj,POS
estrell,strongsubj,POS
estres,strongsubj,NEG
estrict,strongsubj,NEG
estrident,strongsubj,NEG
estrop,strongsubj,NEG
estruend,weaksubj,NEG
estruend,strongsubj,NEG
estudi,strongsubj,POS
estupefact,strongsubj,NEG
estupend,strongsubj,POS
estupid,strongsubj,NEG
estupidez,strongsubj,NEG
estup,strongsubj,NEG
estupor,strongsubj,NEG
etern,strongsubj,POS
etic,strongsubj,POS
eufori,strongsubj,POS
eufor,strongsubj,POS
evad,weaksubj,NEG
evasion,weaksubj,NEG
evas,weaksubj,NEG
evident,weaksubj,POS
evident,strongsubj,POS
evit,weaksubj,NEG
evit,strongsubj,NEG
evoc,strongsubj,POS
exacerb,strongsubj,NEG
exact,weaksubj,POS
exager,strongsubj,NEG
exalt,strongsubj,NEG
exalt,strongsubj,POS
exasper,strongsubj,NEG
exced,strongsubj,POS
excelent,strongsubj,POS
excentr,weaksubj,NEG
excentr,strongsubj,NEG
excepcional,strongsubj,POS
exces,strongsubj,NEG
exclam,strongsubj,NEG
exclu,weaksubj,NEG
exclusion,weaksubj,NEG
exclus,weaksubj,POS
excori,strongsubj,NEG
excus,weaksubj,NEG
excus,strongsubj,POS
execr,strongsubj,NEG
exelent,strongsubj,POS
exhaust,weaksubj,POS
exhort,strongsubj,NEG
exig,strongsubj,POS
exigent,strongsubj,NEG
exigu,strongsubj,NEG
exili,weaksubj,NEG
exit,weaksubj,POS
exoner,strongsubj,POS
exorbitantanc,strongsubj,NEG
exorbit,strongsubj,NEG
expans,strongsubj,POS
experiment,weaksubj,POS
expert,weaksubj,POS
expert,strongsubj,POS
explicit,weaksubj,POS
practic,weaksubj,POS
explosion,strongsubj,NEG
explosion,weaksubj,NEG
explos,weaksubj,NEG
explot,strongsubj,NEG
explot,weaksubj,NEG
expres,strongsubj,POS
expres,weaksubj,POS
exprimidor,strongsubj,NEG
expropi,weaksubj,NEG
expuest,weaksubj,NEG
expuls,weaksubj,NEG
expurg,strongsubj,NEG
exquisit,strongsubj,POS
extasi,weaksubj,POS
extasi,weaksubj,NEG
extasis,strongsubj,POS
extat,strongsubj,POS
extend,weaksubj,NEG
extermin,strongsubj,NEG
extermini,strongsubj,NEG
extingu,weaksubj,NEG
extorsion,strongsubj,NEG
extorsion,weaksubj,NEG
extralimit,weaksubj,NEG
extra�,strongsubj,NEG
extra�,weaksubj,NEG
extraordinari,strongsubj,POS
extravag,strongsubj,NEG
extravi,strongsubj,NEG
extrem,strongsubj,NEG
extrem,weaksubj,NEG
extrovert,weaksubj,POS
exuber,strongsubj,POS
exult,strongsubj,POS
fabul,strongsubj,POS
facil,strongsubj,POS
facin,strongsubj,POS
factibl,weaksubj,POS
falaci,strongsubj,NEG
falaz,strongsubj,NEG
fall,weaksubj,NEG
fallec,strongsubj,NEG
falt,strongsubj,NEG
fanfarron,strongsubj,NEG
fantas,strongsubj,POS
fantast,strongsubj,POS
fars,strongsubj,NEG
fascin,strongsubj,POS
fascist,strongsubj,NEG
fastidi,strongsubj,NEG
fastuos,strongsubj,NEG
fatal,weaksubj,NEG
fatal,strongsubj,NEG
fatalist,strongsubj,NEG
fatid,strongsubj,NEG
fatig,weaksubj,NEG
fatig,strongsubj,NEG
favor,strongsubj,POS
favorec,strongsubj,POS
favorit,strongsubj,POS
favorit,strongsubj,NEG
feald,strongsubj,NEG
fecund,weaksubj,POS
felic,strongsubj,POS
felicit,strongsubj,POS
feliz,strongsubj,POS
felp,strongsubj,POS
fenomenal,strongsubj,POS
feo,strongsubj,NEG
feroc,strongsubj,NEG
feroz,strongsubj,NEG
fertil,strongsubj,NEG
fervient,strongsubj,POS
fervor,strongsubj,POS
festiv,strongsubj,POS
fet,strongsubj,NEG
fiabl,weaksubj,POS
fiasc,strongsubj,NEG
ficcion,weaksubj,NEG
fictici,strongsubj,NEG
fictici,weaksubj,NEG
fidel,strongsubj,POS
fielment,strongsubj,POS
fin,strongsubj,POS
fing,strongsubj,NEG
firm,strongsubj,NEG
firm,strongsubj,POS
firmement,strongsubj,POS
firmez,strongsubj,POS
firmez,weaksubj,POS
flagrant,strongsubj,NEG
floj,weaksubj,NEG
flor,weaksubj,POS
floracion,weaksubj,POS
flu,weaksubj,POS
fobi,strongsubj,NEG
fobic,strongsubj,NEG
foment,strongsubj,POS
foraster,weaksubj,NEG
forceje,strongsubj,NEG
forj,weaksubj,NEG
fortuit,strongsubj,POS
fortun,strongsubj,POS
fracas,strongsubj,NEG
fragant,strongsubj,POS
fragil,weaksubj,NEG
fragment,weaksubj,NEG
franc,strongsubj,POS
franquez,weaksubj,POS
fraternal,weaksubj,POS
fraterniz,strongsubj,POS
fraudulent,weaksubj,NEG
frenet,strongsubj,NEG
fresc,weaksubj,POS
friament,strongsubj,NEG
friccion,strongsubj,NEG
fri,weaksubj,NEG
frivol,strongsubj,POS
frivol,strongsubj,NEG
frotis,weaksubj,NEG
fructuos,weaksubj,POS
frust,strongsubj,NEG
frustracion,strongsubj,NEG
frustr,strongsubj,NEG
frustrant,strongsubj,NEG
fuert,strongsubj,POS
fuert,weaksubj,POS
pesim,strongsubj,NEG
fug,weaksubj,NEG
fug,strongsubj,NEG
fugaz,weaksubj,NEG
fugit,weaksubj,NEG
fulmin,strongsubj,NEG
funcional,weaksubj,POS
fundamental,weaksubj,NEG
furi,strongsubj,NEG
furios,strongsubj,NEG
furios,weaksubj,NEG
furor,strongsubj,NEG
furtiv,weaksubj,NEG
fustig,strongsubj,NEG
galant,strongsubj,POS
ganabl,strongsubj,POS
ganador,strongsubj,POS
gananci,weaksubj,POS
gan,strongsubj,POS
nunc,weaksubj,NEG
gang,strongsubj,POS
garant,weaksubj,POS
gener,strongsubj,POS
genial,weaksubj,POS
genial,strongsubj,POS
geni,strongsubj,NEG
genocidi,strongsubj,NEG
genuin,weaksubj,POS
glori,strongsubj,POS
glorific,strongsubj,POS
glorios,strongsubj,POS
golp,weaksubj,NEG
gord,weaksubj,NEG
goz,strongsubj,POS
graci,strongsubj,POS
graci,weaksubj,NEG
gracios,strongsubj,POS
gracios,weaksubj,NEG
grafic,strongsubj,NEG
grand,weaksubj,POS
grandez,strongsubj,POS
grandios,strongsubj,NEG
grappl,weaksubj,NEG
gratif,strongsubj,POS
gratific,strongsubj,POS
gratitud,strongsubj,NEG
gratitud,strongsubj,POS
gratuit,strongsubj,NEG
gratuit,weaksubj,POS
grav,strongsubj,NEG
gravement,strongsubj,NEG
ayud,weaksubj,NEG
pobr,weaksubj,NEG
grial,weaksubj,POS
groser,strongsubj,NEG
gust,strongsubj,POS
gustari,strongsubj,POS
gust,weaksubj,POS
gustos,strongsubj,POS
gutsy,strongsubj,POS
habil,strongsubj,POS
habil,weaksubj,POS
habilit,weaksubj,POS
hart,weaksubj,NEG
hermos,strongsubj,POS
hermosur,weaksubj,POS
hostil,strongsubj,NEG
huir,strongsubj,NEG
improvis,strongsubj,NEG
humild,strongsubj,NEG
humill,strongsubj,NEG
humor,strongsubj,POS
ideal,strongsubj,POS
ide,strongsubj,NEG
imparcial,strongsubj,NEG
impart,strongsubj,POS
implac,strongsubj,NEG
implaus,strongsubj,NEG
imprudent,strongsubj,NEG
impudenc,strongsubj,NEG
inacept,strongsubj,NEG
inadapt,strongsubj,NEG
inadvert,weaksubj,NEG
inadvis,weaksubj,NEG
inaguant,strongsubj,NEG
inaptitud,strongsubj,NEG
inarticulat,strongsubj,NEG
inatac,strongsubj,POS
inautent,weaksubj,NEG
incalcul,strongsubj,POS
incandescent,strongsubj,POS
incap,strongsubj,NEG
incapacit,strongsubj,NEG
incapaz,weaksubj,NEG
incautious,strongsubj,NEG
incaut,strongsubj,NEG
inciert,weaksubj,NEG
incisiv,strongsubj,POS
incit,strongsubj,NEG
inclusiv,weaksubj,POS
inclus,weaksubj,POS
incobr,weaksubj,NEG
incomod,strongsubj,NEG
incompat,weaksubj,NEG
incomplet,weaksubj,NEG
incomprehens,strongsubj,NEG
incomprehension,strongsubj,NEG
incomprend,strongsubj,NEG
inconceb,strongsubj,NEG
inconclusiv,weaksubj,NEG
inconclus,weaksubj,NEG
incondicional,strongsubj,NEG
incondicional,weaksubj,POS
incondicional,strongsubj,POS
inconsiderat,strongsubj,NEG
inconsistenc,strongsubj,NEG
inconst,strongsubj,NEG
inconstitucional,weaksubj,NEG
incontest,strongsubj,POS
incontrovert,strongsubj,POS
inconvenienc,strongsubj,NEG
inconvenient,strongsubj,NEG
incorrupt,strongsubj,POS
incred,strongsubj,POS
incredul,strongsubj,NEG
increibl,strongsubj,NEG
increibl,strongsubj,POS
incuestion,strongsubj,POS
inculcat,strongsubj,NEG
incumpl,weaksubj,NEG
incumpl,strongsubj,NEG
indeb,strongsubj,NEG
indebt,weaksubj,POS
indecency,strongsubj,NEG
indecent,strongsubj,NEG
indecision,strongsubj,NEG
indecis,weaksubj,NEG
indefatig,strongsubj,POS
indefens,strongsubj,NEG
indefin,weaksubj,NEG
indescrib,strongsubj,POS
indes,strongsubj,NEG
indestruct,strongsubj,POS
indetermin,weaksubj,NEG
indeterminat,weaksubj,NEG
indiferent,strongsubj,NEG
indigent,strongsubj,NEG
indigent,weaksubj,NEG
indign,strongsubj,NEG
indigno d,strongsubj,NEG
indiscern,weaksubj,NEG
indiscrecion,strongsubj,NEG
indiscret,strongsubj,NEG
indiscrimin,strongsubj,NEG
indiscut,strongsubj,POS
indiscut,weaksubj,POS
indispens,strongsubj,POS
indispon,weaksubj,NEG
indispuest,strongsubj,NEG
indisput,strongsubj,POS
indistint,weaksubj,NEG
indistint,strongsubj,NEG
individual,weaksubj,POS
indocument,weaksubj,NEG
indolent,strongsubj,NEG
indom,strongsubj,POS
indubit,strongsubj,POS
indud,strongsubj,POS
indulgent,strongsubj,POS
indulgent,weaksubj,POS
inefect,weaksubj,NEG
ineficaci,strongsubj,NEG
ineficaci,weaksubj,NEG
ineficaz,strongsubj,NEG
ineficaz,weaksubj,NEG
ineficient,weaksubj,NEG
inelig,weaksubj,NEG
inelocuent,strongsubj,NEG
inelud,strongsubj,NEG
inept,strongsubj,NEG
ineptitud,strongsubj,NEG
inequ,strongsubj,NEG
inequit,strongsubj,NEG
inequivoc,strongsubj,POS
inerci,weaksubj,NEG
inescap,strongsubj,NEG
inescrupul,strongsubj,NEG
inesencial,strongsubj,NEG
inesper,strongsubj,NEG
inesper,weaksubj,NEG
inest,weaksubj,NEG
inestim,strongsubj,POS
inevit,strongsubj,NEG
inevit,weaksubj,NEG
inexact,weaksubj,NEG
inexcus,strongsubj,NEG
inexistent,weaksubj,NEG
inexor,strongsubj,NEG
inexperient,weaksubj,NEG
inexpert,weaksubj,NEG
inexpert,weaksubj,POS
inexpi,strongsubj,NEG
inexplic,strongsubj,NEG
inexplic,weaksubj,NEG
inextric,strongsubj,NEG
infalibil,strongsubj,POS
infal,strongsubj,POS
infam,strongsubj,NEG
infami,strongsubj,NEG
infect,weaksubj,NEG
infel,strongsubj,NEG
infeliz,strongsubj,NEG
inferior,strongsubj,NEG
infernal,strongsubj,NEG
infest,weaksubj,NEG
infiel,strongsubj,NEG
infiltr,weaksubj,NEG
inflacion,weaksubj,NEG
inflad,weaksubj,NEG
inflam,strongsubj,NEG
inflamatori,strongsubj,NEG
inflex,strongsubj,NEG
inflig,strongsubj,NEG
influenci,strongsubj,POS
influyent,weaksubj,POS
inform,strongsubj,POS
inform,weaksubj,POS
infortuni,strongsubj,NEG
infraccion,weaksubj,NEG
infractor,strongsubj,NEG
infriccion,strongsubj,NEG
infring,strongsubj,NEG
infructu,strongsubj,NEG
infructu,weaksubj,NEG
infund,strongsubj,NEG
ingeni,strongsubj,POS
ingenu,strongsubj,NEG
ingobern,strongsubj,NEG
ingratitud,strongsubj,NEG
ingrat,strongsubj,NEG
inhabilit,weaksubj,NEG
inhibicion,weaksubj,NEG
inhib,weaksubj,NEG
inhospital,strongsubj,NEG
inhospit,strongsubj,NEG
inhuman,strongsubj,NEG
inicu,strongsubj,NEG
inimagin,strongsubj,NEG
iniqu,strongsubj,NEG
injert,weaksubj,NEG
injuri,strongsubj,NEG
injust,strongsubj,NEG
injustici,strongsubj,NEG
injustific,strongsubj,NEG
injustific,weaksubj,NEG
inmacul,strongsubj,POS
inmovil,weaksubj,NEG
inmund,strongsubj,NEG
innecesari,weaksubj,NEG
innov,weaksubj,POS
inocent,weaksubj,POS
inocu,strongsubj,POS
inofens,strongsubj,POS
inolvid,strongsubj,POS
inombr,strongsubj,NEG
inoper,weaksubj,NEG
inoportun,strongsubj,NEG
inoxid,weaksubj,POS
inquiet,strongsubj,NEG
inquietud,strongsubj,NEG
inquietud,weaksubj,NEG
inquisit,strongsubj,POS
insaci,strongsubj,NEG
insalubr,weaksubj,NEG
insan,strongsubj,NEG
insatisfaccion,strongsubj,NEG
insatisfactori,weaksubj,NEG
insatisfech,strongsubj,NEG
insegur,strongsubj,NEG
insegur,weaksubj,NEG
insensat,strongsubj,NEG
insensibil,strongsubj,NEG
insens,strongsubj,NEG
insignif,weaksubj,NEG
insignif,strongsubj,NEG
insignific,weaksubj,NEG
insincer,strongsubj,NEG
insinu,strongsubj,NEG
insinu,strongsubj,POS
insistent,weaksubj,POS
insistent,strongsubj,POS
insist,strongsubj,POS
insoci,strongsubj,NEG
insolent,strongsubj,NEG
insolvent,weaksubj,NEG
insond,strongsubj,NEG
insoport,strongsubj,NEG
insopot,strongsubj,NEG
insosten,strongsubj,NEG
insosten,weaksubj,NEG
inspir,strongsubj,POS
instar,strongsubj,POS
instig,strongsubj,NEG
instruct,weaksubj,POS
instrumental,weaksubj,POS
insubordin,weaksubj,NEG
insubstancial,strongsubj,NEG
insuficient,weaksubj,NEG
insufr,strongsubj,NEG
insul,weaksubj,NEG
insult,strongsubj,NEG
insuper,weaksubj,NEG
insurreccion,weaksubj,NEG
insustancial,strongsubj,NEG
intact,weaksubj,POS
integral,weaksubj,POS
integr,strongsubj,POS
inteligent,weaksubj,POS
inteligent,strongsubj,POS
intelig,strongsubj,POS
intencion,strongsubj,POS
interact,strongsubj,POS
interced,weaksubj,POS
inter,strongsubj,POS
interes,weaksubj,POS
interes,strongsubj,POS
interferent,weaksubj,NEG
interfer,weaksubj,NEG
intermitent,weaksubj,NEG
interrump,weaksubj,NEG
interrupcion,weaksubj,NEG
intimid,weaksubj,NEG
intim,strongsubj,POS
intimid,strongsubj,NEG
intim,weaksubj,POS
intoler,strongsubj,NEG
intoxic,weaksubj,NEG
intranquil,strongsubj,NEG
intransigent,strongsubj,NEG
intrat,weaksubj,NEG
intrepidez,strongsubj,POS
intrep,strongsubj,POS
intrig,strongsubj,POS
intrig,strongsubj,NEG
intrinc,weaksubj,POS
intrusion,weaksubj,NEG
intrus,strongsubj,NEG
intuit,strongsubj,POS
inund,strongsubj,NEG
inusual,weaksubj,NEG
inutil,strongsubj,NEG
invad,weaksubj,NEG
invalid,strongsubj,NEG
invalidez,strongsubj,NEG
inval,strongsubj,NEG
invalu,strongsubj,POS
invasion,weaksubj,NEG
invasor,weaksubj,NEG
invect,strongsubj,NEG
invencibil,strongsubj,POS
invenc,strongsubj,POS
invent,strongsubj,POS
invent,weaksubj,POS
inviol,strongsubj,POS
involuntari,weaksubj,NEG
invulner,strongsubj,POS
ira,strongsubj,NEG
iron,strongsubj,NEG
irracional,strongsubj,NEG
irrazon,strongsubj,NEG
irreconcili,strongsubj,NEG
irredim,strongsubj,NEG
irreflexion,strongsubj,NEG
irreflex,strongsubj,NEG
irreform,strongsubj,NEG
irrefut,strongsubj,POS
irregul,weaksubj,NEG
irregular,weaksubj,NEG
irrelev,strongsubj,NEG
irrepar,strongsubj,NEG
irrepar,weaksubj,NEG
irreplac,strongsubj,NEG
irreprim,strongsubj,NEG
irreproch,strongsubj,POS
irresist,strongsubj,POS
irresolubl,weaksubj,NEG
irresolut,strongsubj,NEG
irrespet,strongsubj,NEG
irrespetu,strongsubj,NEG
irrespons,strongsubj,NEG
irrestrict,weaksubj,POS
irreverent,strongsubj,NEG
irrevers,strongsubj,NEG
irrit,strongsubj,NEG
jactanci,strongsubj,NEG
jactanci,strongsubj,POS
jad,strongsubj,NEG
jiron,weaksubj,NEG
jovial,strongsubj,POS
jubil,strongsubj,POS
jueg,weaksubj,NEG
juguet,strongsubj,NEG
jugueton,strongsubj,POS
juicio errone,strongsubj,NEG
juicios,strongsubj,POS
jur,strongsubj,POS
jur,strongsubj,NEG
justici,strongsubj,POS
justific,strongsubj,POS
justif,strongsubj,POS
just,strongsubj,POS
juvenil,weaksubj,NEG
labori,strongsubj,POS
lacay,strongsubj,NEG
ladron,strongsubj,NEG
lagun,strongsubj,NEG
lament,strongsubj,NEG
lastim,strongsubj,NEG
latent,strongsubj,NEG
latig,strongsubj,NEG
leal,weaksubj,POS
lealt,strongsubj,POS
legal,weaksubj,POS
legendari,weaksubj,POS
legitim,weaksubj,POS
lent,strongsubj,NEG
lesion,weaksubj,NEG
letal,weaksubj,NEG
letarg,weaksubj,NEG
levant,weaksubj,NEG
lev,weaksubj,NEG
liber,weaksubj,POS
liberal,weaksubj,POS
liber,strongsubj,POS
libert,strongsubj,POS
libertad,strongsubj,POS
libertinaj,strongsubj,NEG
libertin,strongsubj,NEG
libidin,strongsubj,NEG
lid,weaksubj,POS
liger,weaksubj,POS
limit,weaksubj,NEG
lim,strongsubj,NEG
limpi,weaksubj,POS
limpiez,weaksubj,POS
lind,strongsubj,POS
lind,weaksubj,POS
liric,strongsubj,POS
lisi,strongsubj,NEG
list,strongsubj,POS
liter,weaksubj,NEG
litigi,strongsubj,NEG
liv,strongsubj,NEG
llamat,strongsubj,POS
llanur,weaksubj,POS
llen,strongsubj,POS
llor,strongsubj,NEG
loabl,strongsubj,POS
loc,strongsubj,NEG
locuaz,strongsubj,NEG
locur,strongsubj,NEG
logic,weaksubj,POS
logr,strongsubj,POS
logr,weaksubj,POS
luch,strongsubj,NEG
luchador,strongsubj,POS
luch,weaksubj,NEG
lucid,strongsubj,POS
luc,strongsubj,POS
lucrat,weaksubj,POS
lug,weaksubj,NEG
lugubr,strongsubj,NEG
luj,strongsubj,POS
lujos,strongsubj,POS
lumbr,weaksubj,POS
lumin,weaksubj,POS
lunatic,strongsubj,NEG
lunat,strongsubj,NEG
lustr,strongsubj,NEG
lustr,strongsubj,POS
lustros,strongsubj,POS
macabr,strongsubj,NEG
machist,strongsubj,NEG
madur,weaksubj,POS
madurez,weaksubj,POS
maestr,strongsubj,POS
magi,strongsubj,POS
magic,strongsubj,POS
magistral,strongsubj,POS
magnanim,strongsubj,POS
magnet,weaksubj,POS
magnif,strongsubj,POS
magnificent,strongsubj,POS
magr,weaksubj,POS
majest,strongsubj,POS
majestu,strongsubj,POS
majestu,weaksubj,POS
maj,strongsubj,POS
mal,strongsubj,NEG
malisim,strongsubj,NEG
malcontent,strongsubj,NEG
mald,strongsubj,NEG
maldicion,strongsubj,NEG
maldit,strongsubj,NEG
malentend,strongsubj,NEG
malest,strongsubj,NEG
malevolent,strongsubj,NEG
malevol,strongsubj,NEG
malhechor,strongsubj,NEG
malhumor,strongsubj,NEG
malici,strongsubj,NEG
malign,strongsubj,NEG
malolient,strongsubj,NEG
maltrat,weaksubj,NEG
malv,strongsubj,NEG
manch,strongsubj,NEG
manch,weaksubj,NEG
mandat,weaksubj,NEG
manej,strongsubj,POS
manej,weaksubj,POS
man,strongsubj,NEG
maniac,strongsubj,NEG
manifiest,strongsubj,POS
maniobr,weaksubj,NEG
manipul,weaksubj,NEG
manipul,strongsubj,NEG
maniqu,strongsubj,NEG
manos,weaksubj,NEG
mans,strongsubj,POS
maravill,strongsubj,POS
martiri,strongsubj,NEG
masacr,strongsubj,NEG
masacr,weaksubj,NEG
matanz,strongsubj,NEG
mat,weaksubj,NEG
maton,strongsubj,NEG
mayor,strongsubj,POS
mejor,weaksubj,POS
mejor de lo esper,strongsubj,POS
mejor,strongsubj,POS
melancol,strongsubj,NEG
melodramat,strongsubj,NEG
memor,strongsubj,POS
memor,weaksubj,POS
menospreci,strongsubj,NEG
ment,weaksubj,NEG
ment,strongsubj,NEG
mentir,strongsubj,NEG
mentir,weaksubj,NEG
mentor,weaksubj,POS
mer,strongsubj,NEG
merecedor,strongsubj,POS
merec,strongsubj,POS
merecid,strongsubj,POS
merit,strongsubj,POS
meritori,strongsubj,POS
mermel,weaksubj,NEG
meticul,weaksubj,POS
mezquind,strongsubj,NEG
mezquin,strongsubj,NEG
mied,strongsubj,NEG
miedos,strongsubj,NEG
milagr,strongsubj,POS
milit,strongsubj,NEG
mim,weaksubj,POS
min,strongsubj,NEG
ministr,weaksubj,POS
minuci,weaksubj,POS
miop,strongsubj,NEG
mir,weaksubj,POS
miser,strongsubj,NEG
miseri,strongsubj,NEG
misericordi,strongsubj,POS
misteri,strongsubj,NEG
mistific,weaksubj,NEG
mitin,strongsubj,POS
mit,strongsubj,NEG
mocos,strongsubj,NEG
moder,strongsubj,POS
modern,weaksubj,POS
modesti,weaksubj,POS
modest,weaksubj,POS
mof,strongsubj,NEG
mohos,strongsubj,NEG
mojigat,strongsubj,NEG
molest,strongsubj,NEG
molesti,strongsubj,NEG
molest,weaksubj,NEG
mon,strongsubj,NEG
monoton,strongsubj,NEG
monstru,strongsubj,NEG
monstruos,strongsubj,NEG
monumental,strongsubj,POS
moral,strongsubj,POS
moraliz,strongsubj,POS
morb,strongsubj,NEG
mordaz,strongsubj,NEG
moribund,strongsubj,NEG
moribund,weaksubj,NEG
mortal,weaksubj,NEG
mortif,strongsubj,NEG
mortific,strongsubj,NEG
motiv,strongsubj,POS
mounstru,strongsubj,NEG
muert,weaksubj,NEG
mugr,strongsubj,NEG
mugrient,strongsubj,NEG
mult,weaksubj,NEG
multipolariz,strongsubj,NEG
mundan,strongsubj,NEG
murmur,strongsubj,NEG
antigu,strongsubj,NEG
nad,strongsubj,NEG
natural,weaksubj,POS
neced,strongsubj,NEG
necesari,weaksubj,POS
necesit,strongsubj,NEG
necesit,weaksubj,NEG
neci,strongsubj,NEG
negacion,strongsubj,NEG
negacion,weaksubj,NEG
neg,strongsubj,NEG
neg,weaksubj,NEG
negat,weaksubj,NEG
negligent,strongsubj,NEG
nervi,weaksubj,NEG
nervi,strongsubj,NEG
nervios,strongsubj,NEG
neumat,weaksubj,NEG
neurot,strongsubj,NEG
neutraliz,weaksubj,POS
never,strongsubj,NEG
ni�,strongsubj,POS
no,strongsubj,NEG
nobl,strongsubj,POS
normal,weaksubj,POS
notabl,strongsubj,POS
notabl,weaksubj,POS
notori,strongsubj,NEG
obedec,strongsubj,POS
obedient,strongsubj,POS
obertur,strongsubj,POS
obes,strongsubj,NEG
objecion,strongsubj,NEG
objet,strongsubj,NEG
objet,weaksubj,POS
oblicu,weaksubj,NEG
oblig,strongsubj,POS
oblig,strongsubj,NEG
obligatori,weaksubj,NEG
obliter,strongsubj,NEG
obscen,strongsubj,NEG
obsen,strongsubj,NEG
obsesion,strongsubj,NEG
obses,strongsubj,NEG
obsolet,weaksubj,NEG
obstacul,strongsubj,NEG
obstin,strongsubj,NEG
obstruccion,weaksubj,NEG
obstru,weaksubj,NEG
obtus,strongsubj,NEG
obvi,strongsubj,NEG
obvi,strongsubj,POS
ocasion,strongsubj,NEG
ocup,weaksubj,NEG
odi,strongsubj,NEG
odios,strongsubj,NEG
ofend,strongsubj,NEG
ofens,weaksubj,NEG
ofens,strongsubj,NEG
ofici,strongsubj,NEG
ole,strongsubj,POS
oliend,weaksubj,NEG
olvid,strongsubj,NEG
olvidadis,strongsubj,NEG
olvid,strongsubj,POS
omin,strongsubj,NEG
omision,weaksubj,NEG
omit,weaksubj,NEG
oner,strongsubj,NEG
opin,weaksubj,POS
opinion,strongsubj,POS
oportun,strongsubj,POS
oportun,weaksubj,NEG
oportun,weaksubj,POS
oposicion,strongsubj,NEG
opresion,strongsubj,NEG
opres,strongsubj,NEG
opresor,strongsubj,NEG
oprim,strongsubj,NEG
optim,strongsubj,POS
optim,weaksubj,POS
opulent,weaksubj,POS
opulent,strongsubj,POS
ordal,strongsubj,NEG
orden,strongsubj,POS
orden,weaksubj,POS
orden,strongsubj,NEG
organizacion,strongsubj,POS
orgull,strongsubj,POS
orgull,strongsubj,NEG
oro,weaksubj,POS
ostig,strongsubj,NEG
pen,strongsubj,NEG
pensat,strongsubj,POS
peor,strongsubj,NEG
percanc,strongsubj,NEG
perdedor,weaksubj,NEG
perd,weaksubj,NEG
perez,strongsubj,NEG
perfeccion,strongsubj,POS
perfeccion,weaksubj,NEG
perfect,strongsubj,POS
perjud,strongsubj,NEG
perjudicial,weaksubj,NEG
perplej,strongsubj,NEG
perr,strongsubj,NEG
persever,strongsubj,POS
persistent,strongsubj,NEG
perspicaz,strongsubj,POS
persuad,strongsubj,POS
persuas,strongsubj,POS
pertinent,weaksubj,POS
perturb,strongsubj,NEG
pervers,strongsubj,NEG
perversion,strongsubj,NEG
pervert,strongsubj,NEG
pes,strongsubj,NEG
pesad,strongsubj,NEG
pesadill,strongsubj,NEG
pierd,strongsubj,NEG
plane,strongsubj,POS
posit,weaksubj,POS
potencial,weaksubj,POS
preferent,strongsubj,NEG
presum,strongsubj,NEG
problemat,strongsubj,NEG
prudenci,weaksubj,POS
prudent,strongsubj,POS
puntual,weaksubj,POS
quej,strongsubj,NEG
rebeld,strongsubj,NEG
rechin,strongsubj,NEG
reclam,weaksubj,POS
recomend,strongsubj,POS
recom,strongsubj,POS
recompens,weaksubj,POS
reconoc,weaksubj,POS
reforz,weaksubj,POS
reforz,strongsubj,POS
refuerz,strongsubj,POS
refut,strongsubj,POS
rega�,strongsubj,NEG
regocij,weaksubj,POS
relaj,weaksubj,POS
relaj,strongsubj,NEG
remuner,strongsubj,POS
rencor,strongsubj,NEG
renieg,weaksubj,NEG
renombr,strongsubj,POS
renov,weaksubj,POS
renov,strongsubj,NEG
represali,strongsubj,NEG
represal,strongsubj,NEG
reproch,strongsubj,NEG
repudi,strongsubj,NEG
repugn,strongsubj,NEG
repugn,weaksubj,NEG
repulsion,weaksubj,NEG
repuls,weaksubj,NEG
resent,strongsubj,NEG
respet,strongsubj,POS
respetu,strongsubj,POS
resplandec,strongsubj,POS
respons,strongsubj,NEG
respons,strongsubj,POS
resuelv,strongsubj,POS
retorc,strongsubj,NEG
retract,strongsubj,NEG
retras,weaksubj,NEG
retroaliment,strongsubj,POS
revolt,strongsubj,NEG
ridiculiz,strongsubj,NEG
ridicul,strongsubj,NEG
rig,weaksubj,NEG
roer,weaksubj,NEG
rumor,strongsubj,NEG
sabi,strongsubj,POS
sabidur,strongsubj,POS
sarcasm,strongsubj,NEG
sarcast,strongsubj,NEG
satisfech,strongsubj,POS
seduc,strongsubj,NEG
seductor,strongsubj,POS
segur,strongsubj,POS
select,weaksubj,POS
sencill,weaksubj,POS
sencillez,strongsubj,POS
sensat,strongsubj,POS
sensibil,weaksubj,POS
sensibl,weaksubj,POS
sentimental,strongsubj,NEG
sepulcr,strongsubj,NEG
sepulcr,weaksubj,NEG
seri,strongsubj,NEG
seried,weaksubj,NEG
seri,strongsubj,POS
sermon,strongsubj,NEG
si,strongsubj,POS
signific,strongsubj,POS
simpat,strongsubj,NEG
siniestr,strongsubj,NEG
sobrenatural,strongsubj,POS
sobresalient,strongsubj,POS
sociabl,strongsubj,POS
sofistic,strongsubj,POS
sofoc,strongsubj,NEG
solemn,weaksubj,NEG
solidari,strongsubj,POS
sombri,strongsubj,NEG
sonreir,strongsubj,POS
sonr,strongsubj,POS
sonrient,strongsubj,POS
soport,strongsubj,POS
sorprendent,strongsubj,POS
suav,weaksubj,NEG
subestim,strongsubj,POS
subestim,strongsubj,NEG
sublim,strongsubj,POS
sucied,weaksubj,NEG
suci,weaksubj,NEG
sue�,weaksubj,NEG
suert,strongsubj,POS
suficient,weaksubj,POS
suic,weaksubj,NEG
suicidi,weaksubj,NEG
sup,strongsubj,POS
superficial,strongsubj,NEG
superflu,strongsubj,NEG
superior,strongsubj,POS
suplic,weaksubj,NEG
suprem,strongsubj,POS
suscept,weaksubj,NEG
suspicaz,strongsubj,NEG
sutil,weaksubj,POS
sutilez,strongsubj,NEG
tact,strongsubj,POS
talent,strongsubj,POS
tard,strongsubj,NEG
tartamude,strongsubj,NEG
tedios,strongsubj,NEG
tedi,strongsubj,NEG
temerari,strongsubj,NEG
temer,strongsubj,NEG
temibl,strongsubj,NEG
temor,strongsubj,NEG
temperamental,strongsubj,NEG
templ,weaksubj,POS
templanz,weaksubj,POS
tenac,strongsubj,POS
tenaz,strongsubj,POS
tension,weaksubj,NEG
tens,weaksubj,NEG
terc,strongsubj,NEG
ternur,strongsubj,POS
terribl,strongsubj,NEG
terribl,strongsubj,POS
terror,strongsubj,NEG
terrorif,strongsubj,NEG
terror,weaksubj,NEG
tesor,strongsubj,POS
testarud,strongsubj,NEG
tetric,strongsubj,NEG
tibi,strongsubj,NEG
tiburon,strongsubj,NEG
tiern,weaksubj,POS
timador,weaksubj,NEG
timid,strongsubj,NEG
timidez,strongsubj,NEG
tim,strongsubj,NEG
tiniebl,strongsubj,NEG
tiran,strongsubj,NEG
toler,strongsubj,POS
toler,weaksubj,POS
tont,strongsubj,NEG
torment,strongsubj,NEG
torment,weaksubj,NEG
torp,strongsubj,NEG
tortur,weaksubj,NEG
tosc,strongsubj,NEG
toxic,weaksubj,NEG
trabaj,weaksubj,POS
tragedi,weaksubj,NEG
tragic,strongsubj,NEG
traicion,strongsubj,NEG
traicioner,weaksubj,NEG
traidor,strongsubj,NEG
tramp,weaksubj,NEG
trampos,strongsubj,NEG
tranc,strongsubj,POS
tranquil,strongsubj,POS
tranquiliz,strongsubj,POS
transgresor,strongsubj,NEG
transmit,strongsubj,POS
trastorn,strongsubj,NEG
trastorn,weaksubj,NEG
trat,weaksubj,POS
traum,strongsubj,NEG
traumat,strongsubj,NEG
traumatiz,strongsubj,NEG
travies,strongsubj,NEG
tremend,strongsubj,POS
trist,strongsubj,NEG
tristement,strongsubj,NEG
tristement,weaksubj,NEG
tristez,strongsubj,NEG
triunfal,strongsubj,POS
triunfant,strongsubj,POS
triunf,strongsubj,POS
turbi,weaksubj,NEG
ultimatum,strongsubj,NEG
ultim,strongsubj,POS
unic,weaksubj,POS
uniform,weaksubj,POS
union,strongsubj,POS
urgenci,strongsubj,NEG
urgent,weaksubj,NEG
util,strongsubj,POS
util,weaksubj,POS
vagabund,strongsubj,NEG
vag,weaksubj,NEG
valent,strongsubj,POS
valient,strongsubj,POS
valios,weaksubj,POS
valor,strongsubj,POS
valor,weaksubj,POS
vanguardi,strongsubj,POS
vanid,weaksubj,NEG
venen,strongsubj,NEG
venen,weaksubj,NEG
vener,strongsubj,POS
vener,weaksubj,POS
venganz,strongsubj,NEG
veng,strongsubj,NEG
vengat,strongsubj,NEG
vengat,weaksubj,NEG
ventaj,weaksubj,POS
ventaj,strongsubj,POS
ventur,weaksubj,POS
veraz,strongsubj,POS
verd,strongsubj,POS
verdader,strongsubj,POS
vergonz,strongsubj,NEG
verg�enz,strongsubj,NEG
versatil,strongsubj,NEG
versatil,weaksubj,POS
viabil,weaksubj,POS
viabl,weaksubj,POS
vibor,weaksubj,NEG
vici,strongsubj,NEG
vicios,strongsubj,NEG
victim,weaksubj,NEG
victori,weaksubj,POS
vigor,weaksubj,POS
vil,strongsubj,NEG
virtud,strongsubj,POS
vivaz,strongsubj,POS
volatil,weaksubj,NEG
voluntari,weaksubj,POS
vulg,weaksubj,NEG
vulner,strongsubj,POS
zoquet,strongsubj,NEG
no as,strongsubj,NEG
sab,strongsubj,POS
primeriz,strongsubj,NEG
demostr,weaksubj,NEG
peg,strongsubj,NEG
